Name,Price,Rating,Product Link
Razer DeathAdder Essential Gaming Mouse: 6400 DPI Optical Sensor - 5 Programmable Buttons - Mechanical Switches - Rubber Side Grips - Classic Black,16.98,4.5,https://www.amazon.com/Razer-DeathAdder-Essential-Gaming-Mouse/dp/B094PS5RZQ/ref=sr_1_2?dib=eyJ2IjoiMSJ9.ysVWsXzGKOmsmgcBcTwq9EtFJ0pSfvdMVy7g7_mD3SQZFZYzHD_cyeDs9VuuwL9wbZMwzEja1utS4s1d42kBZAFK7jgP9yDwGteYLu0wlthUzW-VbqQs9q2FQdGOs0xzTe5294TmDBjJmHUUAy3TNkah3b4wKN9HDa8lo7bvQjOmswQNnSOwUqeAudYweb3ol9KYrH5FQdkpUPsXaF0xhU-RrB-JqYuOf45ox45xgYk.ufafuNI7JRvkOe_vpknTNd6j6y3zYniLwSc-18fRelA&dib_tag=se&keywords=gaming+mouse&qid=1763633810&sr=8-2
Razer Basilisk V3 Customizable Ergonomic Gaming Mouse: Fastest Gaming Mouse Switch - Chroma RGB Lighting - 26K DPI Optical Sensor - 11 Programmable Buttons - HyperScroll Tilt Wheel - Classic Black,29.44,4.6,https://www.amazon.com/Razer-Basilisk-Customizable-Ergonomic-Gaming/dp/B09C13PZX7/ref=sr_1_3?dib=eyJ2IjoiMSJ9.ysVWsXzGKOmsmgcBcTwq9EtFJ0pSfvdMVy7g7_mD3SQZFZYzHD_cyeDs9VuuwL9wbZMwzEja1utS4s1d42kBZAFK7jgP9yDwGteYLu0wlthUzW-VbqQs9q2FQdGOs0xzTe5294TmDBjJmHUUAy3TNkah3b4wKN9HDa8lo7bvQjOmswQNnSOwUqeAudYweb3ol9KYrH5FQdkpUPsXaF0xhU-RrB-JqYuOf45ox45xgYk.ufafuNI7JRvkOe_vpknTNd6j6y3zYniLwSc-18fRelA&dib_tag=se&keywords=gaming+mouse&qid=1763633810&sr=8-3
Razer Viper V3 Pro Wireless Esports Gaming Mouse: Symmetrical - 54g Lightweight - 8K Polling - 35K DPI Optical Sensor - Gen3 Optical Switches - 8 Programmable Buttons - 95 Hr Battery - Black,129.99,4.6,https://www.amazon.com/Razer-Viper-Wireless-Esports-Gaming/dp/B0CW25XR5R/ref=sr_1_5?dib=eyJ2IjoiMSJ9.ysVWsXzGKOmsmgcBcTwq9EtFJ0pSfvdMVy7g7_mD3SQZFZYzHD_cyeDs9VuuwL9wbZMwzEja1utS4s1d42kBZAFK7jgP9yDwGteYLu0wlthUzW-VbqQs9q2FQdGOs0xzTe5294TmDBjJmHUUAy3TNkah3b4wKN9HDa8lo7bvQjOmswQNnSOwUqeAudYweb3ol9KYrH5FQdkpUPsXaF0xhU-RrB-JqYuOf45ox45xgYk.ufafuNI7JRvkOe_vpknTNd6j6y3zYniLwSc-18fRelA&dib_tag=se&keywords=gaming+mouse&qid=1763633810&sr=8-5
Razer Basilisk V3 X HyperSpeed Customizable Wireless Gaming Mouse: Mechanical Switches Gen-2-5G Advanced 18K Optical Sensor - Chroma RGB 9 Programmable Controls 535 Hr Battery Classic Black,37.99,4.4,https://www.amazon.com/Razer-Basilisk-HyperSpeed-Customizable-Wireless/dp/B0BXBC26X8/ref=sr_1_6?dib=eyJ2IjoiMSJ9.ysVWsXzGKOmsmgcBcTwq9EtFJ0pSfvdMVy7g7_mD3SQZFZYzHD_cyeDs9VuuwL9wbZMwzEja1utS4s1d42kBZAFK7jgP9yDwGteYLu0wlthUzW-VbqQs9q2FQdGOs0xzTe5294TmDBjJmHUUAy3TNkah3b4wKN9HDa8lo7bvQjOmswQNnSOwUqeAudYweb3ol9KYrH5FQdkpUPsXaF0xhU-RrB-JqYuOf45ox45xgYk.ufafuNI7JRvkOe_vpknTNd6j6y3zYniLwSc-18fRelA&dib_tag=se&keywords=gaming+mouse&qid=1763633810&sr=8-6
Razer Viper V3 HyperSpeed Wireless Esports Gaming Mouse: 82g Lightweight - Up to 280 Hr Battery - 30K DPI Optical Sensor - Gen-2 Mechanical Switches - 8 Programmable Controls - Classic Black,42.99,4.4,https://www.amazon.com/Razer-HyperSpeed-Wireless-Esports-Gaming/dp/B0CF4DJM7F/ref=sr_1_7?dib=eyJ2IjoiMSJ9.ysVWsXzGKOmsmgcBcTwq9EtFJ0pSfvdMVy7g7_mD3SQZFZYzHD_cyeDs9VuuwL9wbZMwzEja1utS4s1d42kBZAFK7jgP9yDwGteYLu0wlthUzW-VbqQs9q2FQdGOs0xzTe5294TmDBjJmHUUAy3TNkah3b4wKN9HDa8lo7bvQjOmswQNnSOwUqeAudYweb3ol9KYrH5FQdkpUPsXaF0xhU-RrB-JqYuOf45ox45xgYk.ufafuNI7JRvkOe_vpknTNd6j6y3zYniLwSc-18fRelA&dib_tag=se&keywords=gaming+mouse&qid=1763633810&sr=8-7
"Logitech G305 LIGHTSPEED Wireless Gaming Mouse, Hero 12K Sensor, 12,000 DPI, Lightweight, 6 Programmable Buttons, 250h Battery Life, On-Board Memory, PC/Mac - Blue",37.59,4.6,https://www.amazon.com/Logitech-Lightspeed-Wireless-Gaming-Mouse/dp/B086PDW7BB/ref=sr_1_8?dib=eyJ2IjoiMSJ9.ysVWsXzGKOmsmgcBcTwq9EtFJ0pSfvdMVy7g7_mD3SQZFZYzHD_cyeDs9VuuwL9wbZMwzEja1utS4s1d42kBZAFK7jgP9yDwGteYLu0wlthUzW-VbqQs9q2FQdGOs0xzTe5294TmDBjJmHUUAy3TNkah3b4wKN9HDa8lo7bvQjOmswQNnSOwUqeAudYweb3ol9KYrH5FQdkpUPsXaF0xhU-RrB-JqYuOf45ox45xgYk.ufafuNI7JRvkOe_vpknTNd6j6y3zYniLwSc-18fRelA&dib_tag=se&keywords=gaming+mouse&qid=1763633810&sr=8-8
Razer Orochi V2 Mobile Wireless Gaming Mouse: Ultra Lightweight - 2 Wireless Modes - Up to 950hrs Battery Life - Mechanical Mouse Switches - 5G Advanced 18K DPI Optical Sensor - White,29.99,4.4,https://www.amazon.com/Razer-Orochi-Mobile-Wireless-Gaming/dp/B0916MW7CG/ref=sr_1_10?dib=eyJ2IjoiMSJ9.ysVWsXzGKOmsmgcBcTwq9EtFJ0pSfvdMVy7g7_mD3SQZFZYzHD_cyeDs9VuuwL9wbZMwzEja1utS4s1d42kBZAFK7jgP9yDwGteYLu0wlthUzW-VbqQs9q2FQdGOs0xzTe5294TmDBjJmHUUAy3TNkah3b4wKN9HDa8lo7bvQjOmswQNnSOwUqeAudYweb3ol9KYrH5FQdkpUPsXaF0xhU-RrB-JqYuOf45ox45xgYk.ufafuNI7JRvkOe_vpknTNd6j6y3zYniLwSc-18fRelA&dib_tag=se&keywords=gaming+mouse&qid=1763633810&sr=8-10
"Redragon M602 Gaming Mouse, Ergonomic RGB Gaming Mouse Wired with 7200 Adjustable DPI, 9 Programmable Buttons, Professional Software for Gamer Office [Black]",19.99,4.6,https://www.amazon.com/Redragon-M602-Ergonomic-High-Precision-Programmable/dp/B011HMDZ0Q/ref=sr_1_11?dib=eyJ2IjoiMSJ9.ysVWsXzGKOmsmgcBcTwq9EtFJ0pSfvdMVy7g7_mD3SQZFZYzHD_cyeDs9VuuwL9wbZMwzEja1utS4s1d42kBZAFK7jgP9yDwGteYLu0wlthUzW-VbqQs9q2FQdGOs0xzTe5294TmDBjJmHUUAy3TNkah3b4wKN9HDa8lo7bvQjOmswQNnSOwUqeAudYweb3ol9KYrH5FQdkpUPsXaF0xhU-RrB-JqYuOf45ox45xgYk.ufafuNI7JRvkOe_vpknTNd6j6y3zYniLwSc-18fRelA&dib_tag=se&keywords=gaming+mouse&qid=1763633810&sr=8-11
Razer DeathAdder V2 X HyperSpeed: Award-Winning Ergonomic Design - Ultra-Fast Wireless - 235hr Battery Life - 7 Programmable Buttons - Gen 2 Mechanical Switches - 5G 14K DPI Optical Sensor,39.99,4.7,https://www.amazon.com/Razer-DeathAdder-Hyperspeed-Award-Winning-Programmable/dp/B09GK3LTVC/ref=sr_1_14?dib=eyJ2IjoiMSJ9.ysVWsXzGKOmsmgcBcTwq9EtFJ0pSfvdMVy7g7_mD3SQZFZYzHD_cyeDs9VuuwL9wbZMwzEja1utS4s1d42kBZAFK7jgP9yDwGteYLu0wlthUzW-VbqQs9q2FQdGOs0xzTe5294TmDBjJmHUUAy3TNkah3b4wKN9HDa8lo7bvQjOmswQNnSOwUqeAudYweb3ol9KYrH5FQdkpUPsXaF0xhU-RrB-JqYuOf45ox45xgYk.ufafuNI7JRvkOe_vpknTNd6j6y3zYniLwSc-18fRelA&dib_tag=se&keywords=gaming+mouse&qid=1763633810&sr=8-14
Razer Orochi V2 Mobile Wireless Gaming Mouse: Ultra Lightweight - 2 Wireless Modes - Up to 950hrs Battery Life - Mechanical Mouse Switches - 5G Advanced 18K DPI Optical Sensor - Classic Black,29.99,4.4,https://www.amazon.com/Razer-Orochi-Mobile-Wireless-Gaming/dp/B0916N2LPZ/ref=sr_1_15?dib=eyJ2IjoiMSJ9.ysVWsXzGKOmsmgcBcTwq9EtFJ0pSfvdMVy7g7_mD3SQZFZYzHD_cyeDs9VuuwL9wbZMwzEja1utS4s1d42kBZAFK7jgP9yDwGteYLu0wlthUzW-VbqQs9q2FQdGOs0xzTe5294TmDBjJmHUUAy3TNkah3b4wKN9HDa8lo7bvQjOmswQNnSOwUqeAudYweb3ol9KYrH5FQdkpUPsXaF0xhU-RrB-JqYuOf45ox45xgYk.ufafuNI7JRvkOe_vpknTNd6j6y3zYniLwSc-18fRelA&dib_tag=se&keywords=gaming+mouse&qid=1763633810&sr=8-15
"NZXT Lift 2 Symm, Lightweight Symmetrical Wired Gaming Mouse, Lightweight 58 g Design, 8K Polling Rate, Optical Switches, 26K DPI Optical Sensor, 100% PTFE Feet, Black",19.99,4.1,https://www.amazon.com/NZXT-Lightweight-Symmetrical-Polling-Switches/dp/B0CSSSRM5M/ref=sr_1_16?dib=eyJ2IjoiMSJ9.ysVWsXzGKOmsmgcBcTwq9EtFJ0pSfvdMVy7g7_mD3SQZFZYzHD_cyeDs9VuuwL9wbZMwzEja1utS4s1d42kBZAFK7jgP9yDwGteYLu0wlthUzW-VbqQs9q2FQdGOs0xzTe5294TmDBjJmHUUAy3TNkah3b4wKN9HDa8lo7bvQjOmswQNnSOwUqeAudYweb3ol9KYrH5FQdkpUPsXaF0xhU-RrB-JqYuOf45ox45xgYk.ufafuNI7JRvkOe_vpknTNd6j6y3zYniLwSc-18fRelA&dib_tag=se&keywords=gaming+mouse&qid=1763633810&sr=8-16
"ATTACK SHARK X11SE Lightweight Wireless Gaming Mouse, 59g Tri-Mode BT/2.4G Wireless/Wired Gaming Mouse, PixArt PAW3311 Gaming Sensor, 22000 DPI, Office Mice for PC/Xbox/Win/Mac (White)",20.78,4.7,https://www.amazon.com/ATTACK-SHARK-Lightweight-Wireless-Tri-Mode/dp/B0FB3GDC3Q/ref=sr_1_17?dib=eyJ2IjoiMSJ9.59HpUa0njYmWJulMzlXuqR-RiLFi8zFRnPL6lx--Eg2YveFw7tQzmSHFyINy_sTPFOxJew-cn_DQcLY-Yd2_ONOX9ZJ7ms7siYSmNRQfmHPJWn9JFNSjn1f0uKblszQeQLJ8Ogom-xnFRSnwMJljJ1vzuzmecNWQSQtp4tLCRLZioBQ4kOyO-OURO8DKnYGaBCPxoa8IZks6BkydjQw4lzIe0yYmBEoAqi_ZO1xJpSM.fRaQWBTHxXKiG55ik30s-viQQ8FjDeHcWvac2NwNSc0&dib_tag=se&keywords=gaming+mouse&qid=1763633821&sr=8-17
Razer Viper V2 Pro HyperSpeed Wireless Gaming Mouse: 58g Ultra Lightweight - Optical Switches Gen-3-30K DPI Optical Sensor w/On-Mouse Controls - 90 Hour Battery - USB Type C Cable Included - Black,74.99,4.2,https://www.amazon.com/Razer-HyperSpeed-Wireless-Gaming-Mouse/dp/B09VCR969M/ref=sr_1_18?dib=eyJ2IjoiMSJ9.59HpUa0njYmWJulMzlXuqR-RiLFi8zFRnPL6lx--Eg2YveFw7tQzmSHFyINy_sTPFOxJew-cn_DQcLY-Yd2_ONOX9ZJ7ms7siYSmNRQfmHPJWn9JFNSjn1f0uKblszQeQLJ8Ogom-xnFRSnwMJljJ1vzuzmecNWQSQtp4tLCRLZioBQ4kOyO-OURO8DKnYGaBCPxoa8IZks6BkydjQw4lzIe0yYmBEoAqi_ZO1xJpSM.fRaQWBTHxXKiG55ik30s-viQQ8FjDeHcWvac2NwNSc0&dib_tag=se&keywords=gaming+mouse&qid=1763633821&sr=8-18
"Redragon Gaming Mouse, Wireless Mouse Gaming with 8000 DPI, PC Gaming Mice with Fire Button, RGB Backlit Programmable Ergonomic Mouse Gamer, Rechargeable, 70Hrs for Windows, Mac Gamer, Black",22.48,4.5,https://www.amazon.com/Redragon-Wireless-Backlit-Programmable-Rechargeable/dp/B0B66RHD7B/ref=sr_1_19?dib=eyJ2IjoiMSJ9.59HpUa0njYmWJulMzlXuqR-RiLFi8zFRnPL6lx--Eg2YveFw7tQzmSHFyINy_sTPFOxJew-cn_DQcLY-Yd2_ONOX9ZJ7ms7siYSmNRQfmHPJWn9JFNSjn1f0uKblszQeQLJ8Ogom-xnFRSnwMJljJ1vzuzmecNWQSQtp4tLCRLZioBQ4kOyO-OURO8DKnYGaBCPxoa8IZks6BkydjQw4lzIe0yYmBEoAqi_ZO1xJpSM.fRaQWBTHxXKiG55ik30s-viQQ8FjDeHcWvac2NwNSc0&dib_tag=se&keywords=gaming+mouse&qid=1763633821&sr=8-19
"Logitech G203 Wired Gaming Mouse, 8,000 DPI, Rainbow Optical Effect LIGHTSYNC RGB, 6 Programmable Buttons, On-Board Memory, Screen Mapping, PC/Mac Computer and Laptop Compatible - Black",19.99,4.6,https://www.amazon.com/Logitech-LIGHTSYNC-Wired-Gaming-Mouse/dp/B07YN82X3B/ref=sr_1_20?dib=eyJ2IjoiMSJ9.59HpUa0njYmWJulMzlXuqR-RiLFi8zFRnPL6lx--Eg2YveFw7tQzmSHFyINy_sTPFOxJew-cn_DQcLY-Yd2_ONOX9ZJ7ms7siYSmNRQfmHPJWn9JFNSjn1f0uKblszQeQLJ8Ogom-xnFRSnwMJljJ1vzuzmecNWQSQtp4tLCRLZioBQ4kOyO-OURO8DKnYGaBCPxoa8IZks6BkydjQw4lzIe0yYmBEoAqi_ZO1xJpSM.fRaQWBTHxXKiG55ik30s-viQQ8FjDeHcWvac2NwNSc0&dib_tag=se&keywords=gaming+mouse&qid=1763633821&sr=8-20
"Redragon Wireless Gaming Mouse, Tri-Mode 2.4G/USB-C/Bluetooth Ergonomic Mouse Gaming, 8000 DPI, RGB Backlit Programmable Wireless Mouse, Rechargeable, 250 Hrs for Laptop PC Mac, M814",23.99,4.6,https://www.amazon.com/Redragon-Bluetooth-Ergonomic-Programmable-Rechargeable/dp/B0CTHHR6YF/ref=sr_1_21?dib=eyJ2IjoiMSJ9.59HpUa0njYmWJulMzlXuqR-RiLFi8zFRnPL6lx--Eg2YveFw7tQzmSHFyINy_sTPFOxJew-cn_DQcLY-Yd2_ONOX9ZJ7ms7siYSmNRQfmHPJWn9JFNSjn1f0uKblszQeQLJ8Ogom-xnFRSnwMJljJ1vzuzmecNWQSQtp4tLCRLZioBQ4kOyO-OURO8DKnYGaBCPxoa8IZks6BkydjQw4lzIe0yYmBEoAqi_ZO1xJpSM.fRaQWBTHxXKiG55ik30s-viQQ8FjDeHcWvac2NwNSc0&dib_tag=se&keywords=gaming+mouse&qid=1763633821&sr=8-21
Razer DeathAdder V3 HyperSpeed Wireless Gaming Mouse: 55g Lightweight - USB C Charging - Up to 100 Hr Battery - Advanced 26K Optical Sensor - Gen-3 Optical Switches - 8 Programmable Controls - Black,69.99,4.6,https://www.amazon.com/Razer-DeathAdder-HyperSpeed-Wireless-Gaming/dp/B0D4RF55QK/ref=sr_1_22?dib=eyJ2IjoiMSJ9.59HpUa0njYmWJulMzlXuqR-RiLFi8zFRnPL6lx--Eg2YveFw7tQzmSHFyINy_sTPFOxJew-cn_DQcLY-Yd2_ONOX9ZJ7ms7siYSmNRQfmHPJWn9JFNSjn1f0uKblszQeQLJ8Ogom-xnFRSnwMJljJ1vzuzmecNWQSQtp4tLCRLZioBQ4kOyO-OURO8DKnYGaBCPxoa8IZks6BkydjQw4lzIe0yYmBEoAqi_ZO1xJpSM.fRaQWBTHxXKiG55ik30s-viQQ8FjDeHcWvac2NwNSc0&dib_tag=se&keywords=gaming+mouse&qid=1763633821&sr=8-22
Razer Cobra Wired Gaming Mouse: 58g Lightweight Design - Gen-3 Optical Switches - Chroma RGB Lighting with Underglow - Precise 8500 DPI Optical Sensor - 100% PTFE Mouse Feet - Speedflex Cable - Black,29.99,4.5,https://www.amazon.com/Razer-Cobra-Wired-Gaming-Mouse/dp/B0C51J2ZXN/ref=sr_1_23?dib=eyJ2IjoiMSJ9.59HpUa0njYmWJulMzlXuqR-RiLFi8zFRnPL6lx--Eg2YveFw7tQzmSHFyINy_sTPFOxJew-cn_DQcLY-Yd2_ONOX9ZJ7ms7siYSmNRQfmHPJWn9JFNSjn1f0uKblszQeQLJ8Ogom-xnFRSnwMJljJ1vzuzmecNWQSQtp4tLCRLZioBQ4kOyO-OURO8DKnYGaBCPxoa8IZks6BkydjQw4lzIe0yYmBEoAqi_ZO1xJpSM.fRaQWBTHxXKiG55ik30s-viQQ8FjDeHcWvac2NwNSc0&dib_tag=se&keywords=gaming+mouse&qid=1763633821&sr=8-23
Razer Naga V2 Pro Wireless MMO Gaming Mouse: 19+1 Programmable Buttons w/Swappable Side Plates - HyperScroll Pro Wheel - Focus Pro 30K Optical Sensor - Optical Mouse Switches Gen-3-300 Hr Battery,149.99,4.2,https://www.amazon.com/Razer-Naga-Wireless-Gaming-Mouse/dp/B0BGJTLFN5/ref=sr_1_24?dib=eyJ2IjoiMSJ9.59HpUa0njYmWJulMzlXuqR-RiLFi8zFRnPL6lx--Eg2YveFw7tQzmSHFyINy_sTPFOxJew-cn_DQcLY-Yd2_ONOX9ZJ7ms7siYSmNRQfmHPJWn9JFNSjn1f0uKblszQeQLJ8Ogom-xnFRSnwMJljJ1vzuzmecNWQSQtp4tLCRLZioBQ4kOyO-OURO8DKnYGaBCPxoa8IZks6BkydjQw4lzIe0yYmBEoAqi_ZO1xJpSM.fRaQWBTHxXKiG55ik30s-viQQ8FjDeHcWvac2NwNSc0&dib_tag=se&keywords=gaming+mouse&qid=1763633821&sr=8-24
Razer Naga V2 HyperSpeed Wireless MMO Gaming Mouse: 19 Programmable Buttons - HyperScroll Technology - Focus Pro 30K Optical Sensor - Mechanical Mouse Switches Gen-2 - Up to 400 Hr Battery Life,61.99,4.2,https://www.amazon.com/Razer-HyperSpeed-Wireless-Gaming-Mouse/dp/B0BGJT87N2/ref=sr_1_25?dib=eyJ2IjoiMSJ9.59HpUa0njYmWJulMzlXuqR-RiLFi8zFRnPL6lx--Eg2YveFw7tQzmSHFyINy_sTPFOxJew-cn_DQcLY-Yd2_ONOX9ZJ7ms7siYSmNRQfmHPJWn9JFNSjn1f0uKblszQeQLJ8Ogom-xnFRSnwMJljJ1vzuzmecNWQSQtp4tLCRLZioBQ4kOyO-OURO8DKnYGaBCPxoa8IZks6BkydjQw4lzIe0yYmBEoAqi_ZO1xJpSM.fRaQWBTHxXKiG55ik30s-viQQ8FjDeHcWvac2NwNSc0&dib_tag=se&keywords=gaming+mouse&qid=1763633821&sr=8-25
Logitech G Pro Wireless Gaming Mouse with Esports Grade Performance,89.99,4.6,https://www.amazon.com/Logitech-Wireless-Gaming-Esports-Performance/dp/B07GCKQD77/ref=sr_1_26?dib=eyJ2IjoiMSJ9.59HpUa0njYmWJulMzlXuqR-RiLFi8zFRnPL6lx--Eg2YveFw7tQzmSHFyINy_sTPFOxJew-cn_DQcLY-Yd2_ONOX9ZJ7ms7siYSmNRQfmHPJWn9JFNSjn1f0uKblszQeQLJ8Ogom-xnFRSnwMJljJ1vzuzmecNWQSQtp4tLCRLZioBQ4kOyO-OURO8DKnYGaBCPxoa8IZks6BkydjQw4lzIe0yYmBEoAqi_ZO1xJpSM.fRaQWBTHxXKiG55ik30s-viQQ8FjDeHcWvac2NwNSc0&dib_tag=se&keywords=gaming+mouse&qid=1763633821&sr=8-26
"TECKNET Wireless Gaming Mouse Rechargeable - 8000 DPI, Long-Lasting 100Hrs Battery, RGB Backlit, 6 Programmable Buttons, Dual Connectivity (2.4G + USB-C) for PC, Mac, Laptop - Black",12.98,4.6,https://www.amazon.com/TECKNET-Wireless-Lightweight-Programmable-Rechargeable/dp/B0DDQBTLYZ/ref=sr_1_27?dib=eyJ2IjoiMSJ9.59HpUa0njYmWJulMzlXuqR-RiLFi8zFRnPL6lx--Eg2YveFw7tQzmSHFyINy_sTPFOxJew-cn_DQcLY-Yd2_ONOX9ZJ7ms7siYSmNRQfmHPJWn9JFNSjn1f0uKblszQeQLJ8Ogom-xnFRSnwMJljJ1vzuzmecNWQSQtp4tLCRLZioBQ4kOyO-OURO8DKnYGaBCPxoa8IZks6BkydjQw4lzIe0yYmBEoAqi_ZO1xJpSM.fRaQWBTHxXKiG55ik30s-viQQ8FjDeHcWvac2NwNSc0&dib_tag=se&keywords=gaming+mouse&qid=1763633821&sr=8-27
"BENGOO Gaming Mouse Wired, Ergonomic Gamer Laptop PC Optical Computer Mice with RGB Backlit, 4 Adjustable DPI Up to 3600, 6 Programmable Buttons for Windows 7/8/10/XP Vista Linux -Black",9.59,4.6,https://www.amazon.com/BENGOO-Changing-Ergonomic-Computer-Adjustable/dp/B00Z9V0NKC/ref=sr_1_28?dib=eyJ2IjoiMSJ9.59HpUa0njYmWJulMzlXuqR-RiLFi8zFRnPL6lx--Eg2YveFw7tQzmSHFyINy_sTPFOxJew-cn_DQcLY-Yd2_ONOX9ZJ7ms7siYSmNRQfmHPJWn9JFNSjn1f0uKblszQeQLJ8Ogom-xnFRSnwMJljJ1vzuzmecNWQSQtp4tLCRLZioBQ4kOyO-OURO8DKnYGaBCPxoa8IZks6BkydjQw4lzIe0yYmBEoAqi_ZO1xJpSM.fRaQWBTHxXKiG55ik30s-viQQ8FjDeHcWvac2NwNSc0&dib_tag=se&keywords=gaming+mouse&qid=1763633821&sr=8-28
"TMKB Falcon M1SE Ultralight Honeycomb Gaming Mouse, High-Precision 12800DPI Optical Sensor, 6 Programmable Buttons, Customizable RGB, Drag-Free Paracord, Ergonomic, Wired - Matte White",17.99,4.5,https://www.amazon.com/TMKB-M1SE-High-Precision-Programmable-Customizable/dp/B0BGKBT1JG/ref=sr_1_29?dib=eyJ2IjoiMSJ9.59HpUa0njYmWJulMzlXuqR-RiLFi8zFRnPL6lx--Eg2YveFw7tQzmSHFyINy_sTPFOxJew-cn_DQcLY-Yd2_ONOX9ZJ7ms7siYSmNRQfmHPJWn9JFNSjn1f0uKblszQeQLJ8Ogom-xnFRSnwMJljJ1vzuzmecNWQSQtp4tLCRLZioBQ4kOyO-OURO8DKnYGaBCPxoa8IZks6BkydjQw4lzIe0yYmBEoAqi_ZO1xJpSM.fRaQWBTHxXKiG55ik30s-viQQ8FjDeHcWvac2NwNSc0&dib_tag=se&keywords=gaming+mouse&qid=1763633821&sr=8-29
